comunidade,tamanho,arestas_internas,densidade_interna,forca_media,pagerank_total,participante_mais_central,pagerank_participante_mais_central
1,52,545,0.4110105580693816,10.92765184265416,0.4690394160816509,P015,0.0233866421023613
2,48,578,0.5124113475177305,11.914188449118045,0.4477043688526132,P111,0.0194763206427246
3,8,13,0.4642857142857143,5.356727040089004,0.04130887017364909,P013,0.0200066598078834
4,2,1,1.0,3.854325133743255,0.0077067705962248,P132,0.0050962093451475
