theta,vertices,arestas,densidade,componentes,maior_componente,grau_medio,forca_media,peso_medio_arestas,agrupamento_medio,quantidade_comunidades,quantidade_cliques_maximais,palpiteiro_mais_central,pagerank_palpiteiro_mais_central
0.2,5,8,0.8,1,5,3.2,1.50625,0.470703125,0.4374229048499038,1,2,P001,0.2907401075391077
0.3,5,5,0.5,2,4,2.0,1.18125,0.590625,0.44060504827302677,2,2,P001,0.3129929689675976
0.4,5,5,0.5,2,4,2.0,1.18125,0.590625,0.44060504827302677,2,2,P001,0.3129929689675976
0.5,5,4,0.4,2,4,1.6,0.9875,0.6171875,0.31317150964092405,2,2,P001,0.37410567425593194
