participante_id,grau,forca,centralidade_grau,betweenness,agrupamento_local,pagerank,componente,comunidade
P001,3,1.96875,0.75,0.3333333333333333,0.2236939354578029,0.37410567425593194,1,1
P002,2,1.4375,0.5,0.0,0.6710818063734086,0.2708249536743212,1,1
P003,2,1.03125,0.5,0.0,0.6710818063734086,0.20202124356328724,1,1
P004,1,0.5,0.25,0.0,0.0,0.11690355019320661,1,1
P005,0,0.0,0.0,0.0,0.0,0.03614457831325302,2,2
