participante_u,participante_v,jogos_comparaveis,total_jogos,sim_media,cobertura,sim_final
P001,P002,4,4,0.9375,1.0,0.9375
P001,P003,4,4,0.53125,1.0,0.53125
P001,P004,4,4,0.5,1.0,0.5
P001,P005,3,4,0.3958333333333333,0.75,0.296875
P002,P003,4,4,0.5,1.0,0.5
P002,P004,4,4,0.484375,1.0,0.484375
P002,P005,3,4,0.3541666666666667,0.75,0.265625
P003,P004,4,4,0.25,1.0,0.25
P003,P005,3,4,0.125,0.75,0.09375
P004,P005,3,4,0.08333333333333333,0.75,0.0625
