posicao,participante_id,pagerank,grau,forca,betweenness,comunidade
1,P001,0.37410567425593194,3,1.96875,0.3333333333333333,1
2,P002,0.2708249536743212,2,1.4375,0.0,1
3,P003,0.20202124356328724,2,1.03125,0.0,1
4,P004,0.11690355019320661,1,0.5,0.0,1
5,P005,0.03614457831325302,0,0.0,0.0,2
