comunidade,tamanho,arestas_internas,densidade_interna,forca_media,pagerank_total,participante_mais_central,pagerank_participante_mais_central
1,51,504,0.3952941176470588,10.297387132753729,0.4576808495361327,P015,0.024065221383973
2,50,594,0.48489795918367345,11.318117074125846,0.4653420337028419,P111,0.0199858777839339
3,8,13,0.4642857142857143,5.288196916486977,0.042433259306218205,P013,0.0205559247106176
